image_link,group_id,entity_name,entity_value,tessaract_values,preprocessed
https://m.media-amazon.com/images/I/61I9XdN6OFL.jpg,748919,item_weight,500.0 gram,100%NATUR,100natur
https://m.media-amazon.com/images/I/71gSRbyXmoL.jpg,916768,item_volume,1.0 cup,GEPRAGTESDesignedinLIZENZIERTEUNDGESCHUTZTEDESIGNS,gepragtedeignedinlienierteundgechuttedeign
https://m.media-amazon.com/images/I/61BZ4zrjZXL.jpg,459516,item_weight,0.709 gram,"ServingSize:1Tablet(0.709g)|Eachservingcontains(Approx.Values):IngredientOty./Serving*PHOSPHOcomplex®Silybin(Sillybummarianum)200mgDandelion(Taraxacumofficinale)leafextract-10:1100mgKutki(Picrorhizakurroa)rhizomeextract-0.5%Bitters50mgKasani(Cichoriumintybus)seedextract-1%Bitters25mgPunarnava(Boerhaviadiffusa)rootextract-0.07%alkaloids25mgBhuiamla(Phyllanthusamarus)WPextract-0.5%,Bitters25mgAmla(Phyllanthusemblica)fruitextract-10%Tannins25mgLicorice(Glycyrrhizaglabra)rootextract-5%Glycyrrhizin25mgVitaminE10mgPipernigrumfruitextract—95%PiperineSmgNutrientsQty./ServingEnergy3.04kcalCarbohydrate051g(Sugars)02gProtein0.049Fat0.09g""ZRDAvaluesestablishedasperICMR2010forsedentarylifestyle-Men.**ZRDAnotestablishedbyICMR",ervingie1tablet0709geachervingcontainapprovalueingredientotervingphophocompleilbinillbummarianum200mgdandeliontaraacumofficinaleleafetract101100mgkutkipicrorhiakurroarhiomeetract05bitter50mgkaanicichoriumintbueedetract1bitter25mgpunarnavaboerhaviadiffuarootetract007alkaloid25mgbhuiamlaphllanthuamaruwpetract05bitter25mgamlaphllanthuemblicafruitetract10tannin25mglicoriceglcrrhiaglabrarootetract5glcrrhiin25mgvitamine10mgpipernigrumfruitetract—95piperinemgnutrientqtervingenerg304kcalcarbohdrate051gugar02gprotein0049fat009grdavalueetablihedapericmr2010foredentarlifetlemenrdanotetablihedbicmr
https://m.media-amazon.com/images/I/612mrlqiI4L.jpg,459516,item_weight,0.709 gram,,
https://m.media-amazon.com/images/I/617Tl40LOXL.jpg,731432,item_weight,1400 milligram,HIGHSTRENGTHPSYLLIUMHUSK,hightrengthplliumhuk
https://m.media-amazon.com/images/I/61QsBSE7jgL.jpg,731432,item_weight,1400 milligram,"¢Naturally-SourcedPsyllium—_*Highstrength1400mgperservingTaahseoLaiessPLANTAGO°PLANTSEEDsahoy365Vecaul)|a*SuitableforVegans&Vegetarians,Horbaach",naturallourcedpllium—hightrength1400mgperervingtaaheolaieplantagoplanteedaho365vecaulauitableforveganvegetarianhorbaach
https://m.media-amazon.com/images/I/81xsq6vf2qL.jpg,731432,item_weight,1400 milligram,"Directions:Foradults,taketwo(2)vegancapsulesdaily,preferablywithameal.Donotexceedstateddose.NutritionInformationTypicallyPerDailyDoseHIGHSTeeeePsylliumHuskPowder1400mg_PSYLLIUMHUSKPLANTAGOOVATAPLANTSEEDSIngredients:PsylliumHuskPowder,CapsuleShell(Hy-droxypropylmethylcellulose),Anti-CakingAgents(Mag-nesiumSaltsofFattyAcids,SiliconDioxide).MaycontainSesameSeeds&Mustard.Forallergens,seetheingredientsinbold.Notice:Takethisproductwith220mloffluids.Takingthisproductwithoutadequatefluidmaycausethepos-sibilityofchoking.Donotusethisproductifyouhavedifficultyswallowing.Ifyouexperiencechestpain,vom-itingordifficultyinswallowingorbreathingaftertakingthisproduct,seekimmediatemedicalattention.Donottakebeforesleeping.Fibreproductscanaffecttheab-sorptionofmanymedications.Donottakethisproductwithin1.5hoursoftakingmedication.FreeFrom:ArtificialColour,ArtificialFlavour,ArtificialSweetener,Preservatives.SUITABLEFORVEGETARIANS&VEGANSHU16790C36iaHorbaach",directionforadulttaketwo2vegancapuledailpreferablwithamealdonoteceedtateddoenutritioninformationtpicallperdaildoehighteeeeplliumhukpowder1400mgplliumhukplantagoovataplanteedingredientplliumhukpowdercapulehellhdroproplmethlcelluloeanticakingagentmagneiumaltoffattacidilicondioidemacontaineameeedmutardforallergeneetheingredientinboldnoticetakethiproductwith220mloffluidtakingthiproductwithoutadequatefluidmacauethepoibilitofchokingdonotuethiproductifouhavedifficultwallowingifoueperiencechetpainvomitingordifficultinwallowingorbreathingaftertakingthiproducteekimmediatemedicalattentiondonottakebeforeleepingfibreproductcanaffecttheaborptionofmanmedicationdonottakethiproductwithin15houroftakingmedicationfreefromartificialcolourartificialflavourartificialweetenerpreervativeuitableforvegetarianveganhu16790c36iahorbaach
https://m.media-amazon.com/images/I/71DiLRHeZdL.jpg,731432,item_weight,1400 milligram,©)VEGANWOWHEATFREESOYpsya:&(i)yDAIRY|365°ECEqinaéFREEFROMPRESERVATIVESHorbaach,veganwowheatfreeopaidair365eceqinaéfreefrompreervativehorbaach
https://m.media-amazon.com/images/I/91Cma3RzseL.jpg,731432,item_weight,1400 milligram,Horbaach100%HIGHESTQUALITYHIGHSTRENGTHpSYLLIUMHUSKPLANTAGOOVATAPLANTSEEDSPeHorbaach,horbaach100highetqualithightrengthplliumhukplantagoovataplanteedpehorbaach
https://m.media-amazon.com/images/I/71jBLhmTNlL.jpg,731432,item_weight,1400 milligram,NEWLOOK.SAMENea»[EeQUALITY.viluMAcaPSYLLIUMAGim|HUSKPLANTSEEDShY/\4FOODSUPPLEMENTwo)ODcapPsuLesa365VEGAN~—900carsuLES_Horbaach,newlookameneaeequalitvilumacaplliumagimhukplanteedh4foodupplementwoodcappulea365vegan—900carulehorbaach
https://m.media-amazon.com/images/I/81N73b5khVL.jpg,149159,item_weight,30.0 kilogram,"GrobeKapazitat,Tiragfahigkeitbiszu30KG4mDasMaterialistca.5mmdickunddieFugensindverstarkt,sodassWessehrstarkist.Tragfahigkeitbiszu30KG,kanneineVielzahlvonGegenstanden;\—%oJoii3Sae.sof\57bex©)39]aufnehmen._—A",grobekapaitattiragfahigkeitbiu30kg4mdamaterialitca5mmdickunddiefugenindvertarktodaweehrtarkittragfahigkeitbiu30kgkanneinevielahlvongegentanden—ooii3aeof57be39aufnehmen—a
https://m.media-amazon.com/images/I/61oMj2iXOuL.jpg,308856,item_weight,10 kilogram to 15 kilogram,)WILDFANG35cm14cm15cm16cm<10kg10-5kg15-25kg2545kg>45kg,wildfang35cm14cm15cm16cm10kg105kg1525kg2545kg45kg
https://m.media-amazon.com/images/I/91LPf6OjV9L.jpg,281678,item_weight,3.53 ounce,".‘f5éjHelpsin*)“—esteoarthritisHelpsinmeedigestion“Reduces.inflammation]5mefHJAnti-bacterialproperties,HelpsinPCOS",‘f5éhelpin“—eteoarthritihelpinmeedigetion“reduceinflammation5mefhantibacterialpropertiehelpinpco
https://m.media-amazon.com/images/I/81fOxWWWKYL.jpg,281678,item_weight,3.53 ounce,PROMOTES—™DIGESTIVEHEALTHHIGHINANTIOXIDANTS+COMBATSDISEASES,promote—digetivehealthhighinantioidantcombatdieae
https://m.media-amazon.com/images/I/81dzao1Ob4L.jpg,281678,item_weight,53 ounce,"==Tiesrswihhefodyoeh,uebodys9oneondputinginzwondnol{eosthkytomolsonfice.Weot‘SockOrgansbalehahefstsepoberPACKAGINGCHANGEDWiechsecacorkoffounendS24PESUEincotacokeepshomonalblocs.FormergroupsollofwhomplocigenicHOWTOUSEferigendvorotrlpscteerekse.Sanmedinahb,spentconbnmadenoholForgingyoufoodotiwosmoonSioyed-complenotaWWW.-SORICHORGANICS.COMNutritionalFactsJSSAL(wieRoisSith)eisaieeCalories80kcaleaFebermtdTollCorbohydrote159aTotolSugor09parrotDietFibre8aPanettTotalfot29Caio:PosadaotonesoarSoodfo09‘uhendseedsDonatiproticeasonsEcoProtein$eStorgelaucion:Senaca&ryoieKeerteroi!scl1pesewegeseronE12MONTHSFROMTHEDATEOFPACKAGING.Ceteewithin?meacopiepdSuomenNETWT?100g(2.300NedsPorkShasNgor+£300/-NewBah600)aLieAaSOMErigin:Indio.‘OeStasandlaborePortaInaanwipes2BATCHNO.=testes,heeadBiemyanconasSeelyfeoenpeentenyPeperlewbilelineienepeiiedow,aniantieareeseN20,tomokobegourd#fuedos0pceinegabe‘tesofkingpurposesIngredients:SpeormintHealTo,SPEARMINTGREENTEA©nonmmonomas(OurbodyistempleondputinginrawondnaturalfoodsisthekeytomakeitrunecientWeotSerichOrganicsbelievethatthefirststepto«beterlifesortswithhefoodyoueat.Weworkwithostablenetworkofformersondformergroups,allofwhomprociceorgonicingendgrownoturl,pestcde-freeproduceYoyouthebountystaightfromMosherEarth,givingyoufoodositwosmeanttobeenjoyed-completelynaturalWWW.SORICHORGANICS.COMIDCRAFTEDFORFRESHNESSFARMERSQUALITYNosecrtAllWowerkdeesy—_Allproducoreoe,wihetomanalaSchee.eteution:Rockedinfocithothoodschernusond20d,Donotbuytheproductiitistamperedordomoged.‘StorageInstructions:Storein0cool:|fepokdilalupeaetomesno?MANUFACTUREDANDMARKETEDBY:SorichOrganicsPvt.Lid,PlotNo-63,Block8,Sector-63,Noido,GoutomBuddhaNogar,UtorPradesh-201301Forcustomerfeedback:condews491-7303330675‘email:core@sorichorgonics.locabokcom/sochorgeis/Ginstogram.com/sorich.organics/ORGANICSPEARMINTHERBALTEA‘Spearmintisthatmiraculousherbwhichtake‘careofyouinsideandout.Highpotassiumleveloftheherbkeepsbloodpressureincontol.Iosokeepshormonalbalance.DIRECTIONOFUSE‘Semimedicinalherb,spearmintcanbemadeinloherbalfea,Itcanalsobeground,ifusedasaspiceinvegelablecartesorforsprinklingpurposes.Ingredients:OrganicSpearmintPureHerbCountryofOrigin:IndioRUHOIGGaaCalories80kcalTopeSSTotalCarbohydrate(ANUTotalSugarDietryFibreapsec!INN5SodiumProtein———Consumewithin2monthsafteropeninghepocket.NETWEIGHT:100g(3.53oz)MRPRe.:<BATCHNO.:PKD.:USEBY:ONEANIE|e|SPEARMINTGREENTEANETWEIGHT:100g(3.5307}NNote:Packagingmayvaryforabriefperiodoftime.",tierwihhefodoehuebod9oneondputinginwondnoleothktomolonficeweot‘ockorganbalehaheftepoberpackagingchangedwiechecacorkoffounend24peueincotacokeephomonalblocformergroupollofwhomplocigenichowtoueferigendvorotrlpcteerekeanmedinahbpentconbnmadenoholforgingoufoodotiwomoonioedcomplenotawwworichorganiccomnutritionalfactalwieroiitheiaieecalorie80kcaleafebermtdtollcorbohdrote159atotolugor09parrotdietfibre8apanetttotalfot29caiopoadaotoneoaroodfo09‘uhendeeddonatiproticeaonecoproteinetorgelaucionenacaroiekeerteroicl1peewegeerone12monthfromthedateofpackagingceteewithinmeacopiepduomennetwt100g2300nedporkhangor£300newbah600alieaaomeriginindio‘oetaandlaboreportainaanwipe2batchnoteteheeadbiemanconaeelfeoenpeentenpeperlewbilelineienepeiiedowaniantieareeen20tomokobegourdfuedo0pceinegabe‘teofkingpurpoeingredientpeorminthealtopearmintgreenteanonmmonomaourboditempleondputinginrawondnaturalfooditheketomakeitrunecientweoterichorganicbelievethatthefirttepto«beterlifeortwithhefoodoueatweworkwithotablenetworkofformerondformergroupallofwhomprociceorgonicingendgrownoturlpetcdefreeproduceoouthebounttaightfrommoherearthgivingoufoodoitwomeanttobeenoedcompletelnaturalwwworichorganiccomidcraftedforfrehnefarmerqualitnoecrtallwowerkdee—allproducoreoewihetomanalacheeeteutionrockedinfocithothoodchernuond20ddonotbutheproductiititamperedordomoged‘torageintructiontorein0coolfepokdilalupeaetomenomanufacturedandmarketedborichorganicpvtlidplotno63block8ector63noidogoutombuddhanogarutorpradeh201301forcutomerfeedbackcondew4917303330675‘emailcoreorichorgoniclocabokcomochorgeigintogramcomorichorganicorganicpearmintherbaltea‘pearmintithatmiraculouherbwhichtake‘careofouinideandouthighpotaiumleveloftheherbkeepbloodpreureincontoliookeephormonalbalancedirectionofue‘emimedicinalherbpearmintcanbemadeinloherbalfeaitcanalobegroundifuedaapiceinvegelablecarteorforprinklingpurpoeingredientorganicpearmintpureherbcountroforiginindioruhoiggaacalorie80kcaltopetotalcarbohdrateanutotalugardietrfibreapecinn5odiumprotein———conumewithin2monthafteropeninghepocketnetweight100g353omrprebatchnopkdueboneanieepearmintgreenteanetweight100g35307nnotepackagingmavarforabriefperiodoftime
https://m.media-amazon.com/images/I/91-iahVGEDL.jpg,281678,item_weight,100 gram,CsLoosepackagingyeimpuritiesaddedoeOtherxDoesnotpreweqsaly:-brands)4x\XAddedpreservativesa=KNVpAir-tightpackagingvAA=VAAY|W4ImpuritiesfreeYa~orcanicCyBrewsilyY*Cc'|GREENTEA,clooepackagingeimpuritieaddedoeotherdoenotpreweqalbrand4addedpreervativeaknvpairtightpackagingvaavaaw4impuritiefreeaorcaniccbrewilcc'greentea
https://m.media-amazon.com/images/I/81S2+GnYpTL.jpg,731432,item_weight,200 gram,va™fvv.VvvVVovOROVIorInstantEnergy,vafvvvvvvvovoroviorintantenerg
https://m.media-amazon.com/images/I/81e2YtCOKvL.jpg,731432,item_weight,1 kilogram,AAVVVVVV>>>>>>>>EEELeEEInstantEnergyvvbah2,aavvvvvveeeleeeintantenergvvbah2
https://m.media-amazon.com/images/I/81RNsNEM1EL.jpg,731432,item_weight,200 gram,,
https://m.media-amazon.com/images/I/91prZeizZnL.jpg,731432,item_weight,200 gram,"vvv.wvv,""vy.OLbbbbeLervVVVVVVYWVvMdv.ENERGYAINSTANT=4.}A\&:t\=::NXca",vvvwvvvolbbbbelervvvvvvvwvvmdvenergaintant4atnca
https://m.media-amazon.com/images/I/31EvJszFVfL.jpg,731432,item_weight,200 gram,,
https://m.media-amazon.com/images/I/61wzlucTREL.jpg,252585,item_volume,4.0 gallon,ONESIZEFITSALLSTRETCHABLEANDBLACKFABRICBLOCKSFORMFITTINGTHELIGHTEXPERT-GRADEGELNON-TOXICNOSMELLFLEXIBLECOMFORTABLEFORCOLDORHOTTHERAPY.3.11nulE'S22.2in,oneiefitalltretchableandblackfabricblockformfittingthelightepertgradegelnontoicnomellfleiblecomfortableforcoldorhottherap311nule'222in
https://m.media-amazon.com/images/I/61sQ+qAKr4L.jpg,299791,item_weight,2.7 gram,"5925925SterlingSilver18KGoldPlatedw“i0.28INCH(7MM)HighPolishOCH0.07INCH7(1.8MM)Pe16+2INCHExtendChainNetWeight:2.7G(405MM+50MM)Manualmeasurement,thesizemaybeslightlydifferentfromthephysical.",5925925terlingilver18kgoldplatedw“i028inch7mmhighpolihoch007inch718mmpe162inchetendchainnetweight27g405mm50mmmanualmeaurementtheiemabelightldifferentfromthephical
https://m.media-amazon.com/images/I/81x77l2T5NL.jpg,884560,item_weight,112 gram,7stouseKnorrPePots:either:dissolve28thepotinto500mlofboiliaeeeINQor:addthepotdirectlytodish.,7toueknorrpepoteitherdiolve28thepotinto500mlofboiliaeeeinqoraddthepotdirectltodih
https://m.media-amazon.com/images/I/71nywfWZUwL.jpg,179080,item_weight,4.1 kilogram,9.10m/3.58%1SANABNV7BNWPAern!2siaTypeBatteryCellfjChargerOsChargerOutputCurrent=USBportG)BMSaBatteryWeightDowntubeBattery13Ah:2500m-A-h17.5Ah:Sam-sung/L-G/Cell3500mAhSenditrandomlyVvA8V13Ah(2A)A8V17.5Ah(4A)Vv30AAKG/4.4KG,910m3581anabnv7bnwpaern2iatpebattercellfchargerochargeroutputcurrentubportgbmabatterweightdowntubebatter13ah2500mah175ahamunglgcell3500mahenditrandomlvva8v13ah2aa8v175ah4avv30aakg44kg
https://m.media-amazon.com/images/I/71nywfWZUwL.jpg,179080,voltage,48.0 volt,9.10m/3.58%1SANABNV7BNWPAern!2siaTypeBatteryCellfjChargerOsChargerOutputCurrent=USBportG)BMSaBatteryWeightDowntubeBattery13Ah:2500m-A-h17.5Ah:Sam-sung/L-G/Cell3500mAhSenditrandomlyVvA8V13Ah(2A)A8V17.5Ah(4A)Vv30AAKG/4.4KG,910m3581anabnv7bnwpaern2iatpebattercellfchargerochargeroutputcurrentubportgbmabatterweightdowntubebatter13ah2500mah175ahamunglgcell3500mahenditrandomlvva8v13ah2aa8v175ah4avv30aakg44kg
https://m.media-amazon.com/images/I/51WsuKKAVrL.jpg,866516,item_weight,158.0 gram,ProductNameHarvestFestivalDoll15X9X26CM52x42x40CMPolyestermaterialCraftsmanshipManualGrey.OrangeProductWei158g,productnameharvetfetivaldoll15926cm524240cmpoletermaterialcraftmanhipmanualgreorangeproductwei158g
https://m.media-amazon.com/images/I/61XGDKap+JL.jpg,866516,item_weight,158.0 gram,,
https://m.media-amazon.com/images/I/715vVcWJxGL.jpg,459516,item_weight,5000 milligram,®Wy.NUVIDA“4bCRANBERRYEXTRACTHighStrengthExtractforNaturalUrinaryTractandBladderSupportSUITABLEFORVEGETARIANSANDVEGANS5000mg90TabletsFoodSupplement,wnuvida“4bcranberretracthightrengthetractfornaturalurinartractandbladderupportuitableforvegetarianandvegan5000mg90tabletfoodupplement
https://m.media-amazon.com/images/I/613v+2W4UwL.jpg,524635,item_weight,18.55 gram,"6S1qFEQPUSMASeRyAASLUANASD1dOS50mlCarvominVerdauungstropfen18,55g/20mlFlussigkeitzumEinnehmenWirkstoff:AuszugauseinerMischungvonAngelikawurzeln,BenediktenkrautundPfefferminzblatternKL3NGEPHARMA",61qfeqpumaeraaluanad1do50mlcarvominverdauungtropfen1855g20mlfluigkeitumeinnehmenwirktoffauugaueinermichungvonangelikawurelnbenediktenkrautundpfefferminblatternkl3ngepharma
https://m.media-amazon.com/images/I/71+fn9TWQmL.jpg,524635,item_weight,18.55 gram,"reerepasspfeeeeeeLIneonae.omyor!CarvominBiblVerdauungstropfenif!ifyf18,55g/20mlnieFlussigkeitzumEinnehmeni!‘onie50mlWirkstoff=:»Benediktentspflanzliches*°,CarvominVerdauungs¢peal!Verdauungstropfenkitena”schungvor18,55g/20mlfermingbliteEnthalt98iesmittelfirKinelager.Ds*""usschiesic:FlussigkeitzumEinnehmenWirkstoff:AuszugauseinerMischungvonAngelikawurzeln,Benediktenkrautund(>Pfefferminzblattern(es2KLZNGjEZurAnwendungbeiErwachsenenPHARMAKlingePham?”",reerepapfeeeeeelineonaeomorcarvominbiblverdauungtropfenififf1855g20mlniefluigkeitumeinnehmeni‘onie50mlwirktoffbenediktentpflanlichecarvominverdauungpealverdauungtropfenkitena”chungvor1855g20mlfermingbliteenthalt98iemittelfirkinelagerduchieicfluigkeitumeinnehmenwirktoffauugaueinermichungvonangelikawurelnbenediktenkrautundpfefferminblatterne2klngeuranwendungbeierwachenenpharmaklingepham”
https://m.media-amazon.com/images/I/71aKgRRQ2wL.jpg,524635,item_weight,18.55 gram,"aAESOawoBESSSSSITSSTSSNSSSSSSSenssnOS50mlCarvominVerdauungstropfen18,55g/20mlFlussigkeitzumEinnehmenVerdauungstropfenjojtenthat?°18,55g/20mlMischungvo""#8Wirkstoff:3,99FenmngbattAuszugauseinerMischungpeaceccltzumeethalt38«vonAngelikawurzeln,innehmenmittlfrKt?Benediktenkrautund'lagemn0:Pfefferminzblattern(2KLENGE\@ePHARMAZurAnwendungbeiErwachsenen50mlwitkstoff:As»oBenediktenka’CaFVOMINpfenzictesVerdauungs's*KlingePharr",aaeoawobeittnenno50mlcarvominverdauungtropfen1855g20mlfluigkeitumeinnehmenverdauungtropfenotenthat1855g20mlmichungvo8wirktoff399fenmngbattauugaueinermichungpeaceccltumeethalt38«vonangelikawurelninnehmenmittlfrktbenediktenkrautund'lagemn0pfefferminblattern2klengeepharmauranwendungbeierwachenen50mlwitktoffaobenediktenka’cafvominpfenicteverdauung'klingepharr
https://m.media-amazon.com/images/I/71rKXZJrh4L.jpg,524635,item_weight,18.55 gram,"50mlCarvominVerdauungstropfen18,55g/20mlFlussigkeitzumEinnehmenWirkstoff:AuszugauseinerMischungvonAngelikawurzeln,BenediktenkrautundPfefferminzblatternKL3NGEPHARMA",50mlcarvominverdauungtropfen1855g20mlfluigkeitumeinnehmenwirktoffauugaueinermichungvonangelikawurelnbenediktenkrautundpfefferminblatternkl3ngepharma
https://m.media-amazon.com/images/I/71D824lbRvL.jpg,524635,item_weight,18.55 gram,"anSESSSetTSSEoSSSSSSWaaSSS~~OS""]Gy,750miSy""tyadrvoNen!cnVerdauungstropfenptyhy18,558/20mlhyhyFliissigkeitzumEinnehmen“tymchyatutaYyi""ightsaN,wateHyrathlyathti4iyNe*‘pigaatiNNNhataMhSyiyitagX.‘iiiMy4iiityWirkstoff:Ugh,AuszugauseinerMischungty\vonAngelikawurzeln,|BenediktenkrautundPfefferminzblatternii)KLZNGEPHARMA",aneetteowaaog750mitadrvonencnverdauungtropfenpth1855820mlhhfliiigkeitumeinnehmen“tmchatutaiightanwatehrathlathti4ine‘pigaatinnnhatamhiitag‘iiim4iiitwirktoffughauugaueinermichungtvonangelikawurelnbenediktenkrautundpfefferminblatterniiklngepharma
https://m.media-amazon.com/images/I/71004c9tzfL.jpg,730429,item_weight,50.0 gram,a¢t.‘»USBICHARGINGPORTS,at‘ubichargingport
https://m.media-amazon.com/images/I/51bQPPtMqYL.jpg,881883,item_weight,26.0 gram,"HowtoUsePlacethecurtainbetweenthecounterweightandthemagnet4cm/1.6in|Weieht-2eeam26g@ra‘h,Load-bearingmetalblock",howtoueplacethecurtainbetweenthecounterweightandthemagnet4cm16inweieht2eeam26gra‘hloadbearingmetalblock
https://m.media-amazon.com/images/I/61o2ntPNNgL.jpg,179080,wattage,800.0 watt,7FREEWHEELS800W36VGABELMINDESTBREITE135MM*HINTERRADMITBRUSHLESSMOTOR,7freewheel800w36vgabelmindetbreite135mmhinterradmitbruhlemotor
https://m.media-amazon.com/images/I/61o2ntPNNgL.jpg,179080,voltage,36.0 volt,7FREEWHEELS800W36VGABELMINDESTBREITE135MM*HINTERRADMITBRUSHLESSMOTOR,7freewheel800w36vgabelmindetbreite135mmhinterradmitbruhlemotor
https://m.media-amazon.com/images/I/71IUuTJ8QwL.jpg,601746,item_weight,330.0 pound,"SuperiorQualityPutdurability,safety,andenvironmentalprotectionfirst.HoneycombSurfaceOfferssolidperformanceandensuresthattheyogaballwon’tburstsuddenly.Explosion-ProofDesignProvidesthebestprotectionandpreventsinjuries.EnvironmentallyFriendlyMaterialJustuseitwithconfidenceknowingit’smadeofenvironmentallyfriendlymaterial.NoStickingRestassuredthatthesurfacewon'tsticktoyourskin,clothing,floor,andmuchmore.330lbsLoadBearingNeverworryabouttheload-bearingcapacityofthisyogaballasitcansupportupto330Ibs.]ate",uperiorqualitputdurabilitafetandenvironmentalprotectionfirthonecomburfaceofferolidperformanceandenurethattheogaballwon’tburtuddenleploionproofdeignprovidethebetprotectionandpreventinurieenvironmentallfriendlmaterialutueitwithconfidenceknowingit’madeofenvironmentallfriendlmaterialnotickingretauredthattheurfacewon'tticktoourkinclothingfloorandmuchmore330lbloadbearingneverworrabouttheloadbearingcapacitofthiogaballaitcanupportupto330ibate
https://m.media-amazon.com/images/I/915JHkwtcrL.jpg,487566,item_weight,31.0 ounce,Particularlysmooth,particularlmooth
https://m.media-amazon.com/images/I/71cjrYndwIL.jpg,794161,item_weight,0.35 ounce,"ZSKINFOODSALMONDARKCIRCLECONCEALER¥/ThisconcentratedandcreamyconcealerY’containssalmoningredientswhicheffectivelyYhelpconcealdarkundereyecirclesandbrightenytheeyes.!Touse:Afterapplyingyourfoundation,dispenseanfadequateamountandgentlytapontodarkcirclesaroundFyoureyeareaCN)Dist.SKINFOODUSA,INC.1TechnologyDrive,Bldg.B,SuiteB113Irvine,California,92618www.theskinfood.com140g/Netwt.0.35ozMadeinKorea:OPENHERE",kinfoodalmondarkcircleconcealerthiconcentratedandcreamconcealer’containalmoningredientwhicheffectivelhelpconcealdarkundereecircleandbrightentheeetoueafterapplingourfoundationdipeneanfadequateamountandgentltapontodarkcirclearoundfoureeareacnditkinfooduainc1technologdrivebldgbuiteb113irvinecalifornia92618wwwthekinfoodcom140gnetwt035omadeinkoreaopenhere
https://m.media-amazon.com/images/I/81hnk2WXO3L.jpg,639090,item_weight,35.0 gram,"hotchocolateZi)MadewithBelgianChocolateincludesMiniMarshmallows®@©©.<||MilkpeppermintDoubleSaltedChocolateChocolateCaramelORIGINALINGREDIENTS:SUGAR,COCOABUTTER,WHOLEMILKMARSHMALLOWS(SUGAR,GLUCOSESYRUP,GELATIN,SORBITOL,MODIFIEDCORNSTARCH,DEXTROSE,ARTFICIALFLAVOR,TETRASODIUMPYROPHOSPHATE),COCOAMASS,EMULSIFIERS(SOYLECITHIN,PGPR),VANILLAEXTRACT.CONTAINS:MILK,SOY.oeaeaeVANILLAEXTRACT,PEPPERMINTFLAVOR,CONTAINS:MILK,SOY.DOUBLECHOCOLATEINGREDIENTS:SUGAR,HantsDISTRIBUTEDBYFRANKFORDCANDYLLCPURONePA19114MOLDEDANDPACKEDINCHINAASateMSMADENCINA[Freniderd)}",hotchocolateimadewithbelgianchocolateincludeminimarhmallowmilkpeppermintdoublealtedchocolatechocolatecarameloriginalingredientugarcocoabutterwholemilkmarhmallowugarglucoerupgelatinorbitolmodifiedcorntarchdetroeartficialflavortetraodiumprophophatecocoamaemulifierolecithinpgprvanillaetractcontainmilkooeaeaevanillaetractpeppermintflavorcontainmilkodoublechocolateingredientugarhantditributedbfrankfordcandllcpuronepa19114moldedandpackedinchinaaatemmadencinafreniderd
https://m.media-amazon.com/images/I/61HXgujoxpL.jpg,752266,wattage,150.0 watt,,
https://m.media-amazon.com/images/I/613G8GOyLSL.jpg,752266,wattage,150.0 watt,220mm/8.66in<----->32mm/1.25in€-------------------------------->305mm/12.00inCeilingWallGround,220mm866in32mm125in€305mm1200inceilingwallground
https://m.media-amazon.com/images/I/71YyZ2iPyZL.jpg,752266,wattage,30.0 watt,Durable&FlexibleLEDFloodlightThickenedaGlassHigh-QualityLEDs-aaDie-CastAlumiumFrame30WIP65—\_J\Mental+Bracket,durablefleibleledfloodlightthickenedaglahighqualitledaadiecatalumiumframe30wip65—mentalbracket
https://m.media-amazon.com/images/I/81K3JwUCnQL.jpg,752266,wattage,30.0 watt,©9909DustproofHeat-resistingFrost-resistant,9909dutproofheatreitingfrotreitant
https://m.media-amazon.com/images/I/41wvffSxB4L.jpg,299791,item_weight,15.5 gram,,
https://m.media-amazon.com/images/I/91cErO-KbLL.jpg,237000,item_weight,200.0 gram,JACQUARDKNITTEDMATERIALSupersoftandcomfortablecreatingacustomupholsteredlook200GSMMicrofiber,acquardknittedmaterialuperoftandcomfortablecreatingacutomupholteredlook200gmmicrofiber
https://m.media-amazon.com/images/I/817vo3DcCNL.jpg,179080,wattage,250.0 watt,"KOMFORT-PAKET-cm,\\’.4Syp>DASHERZSTUCK:WzSTARKERUNDEFFIZIENTERMOTORFURANGENEHMENFAHRKOMFORTKRAFTVOLLEUNDEFFIZIENTEEXTREMLEISERUNDUNGLAUBLICHESDREHMOMENTUNTERSTUTZUNGBISLEISTUNGSSTARKERMOTORMITWe)25KM/H250W45NM",komfortpaketcm’4pdahertuckwtarkerundeffiientermotorfurangenehmenfahrkomfortkraftvolleundeffiienteetremleierundunglaublichedrehmomentuntertutungbileitungtarkermotormitwe25kmh250w45nm
https://m.media-amazon.com/images/I/61AHQ35poHL.jpg,884560,item_volume,10.0 ounce,1G1GNIE1iE)YourOldandCloseFriendEver!,1g1gnie1ieouroldandcloefriendever
https://m.media-amazon.com/images/I/61WFh8RCQYL.jpg,844474,item_weight,0.8 kilogram,HighQualityPolyesterFabricBreathable&EasytoCleanWeight:0.8KGi|45CM26CM-28CM,highqualitpoleterfabricbreathableeatocleanweight08kgi45cm26cm28cm
https://m.media-amazon.com/images/I/711SATIDrmL.jpg,709627,item_weight,169.0 gram,"BasicInformationBatteryCapacity1300mAhDischardaaamanre100CBatteryVoltage14.8VCellConfiguration|ASConnectorTypeXT60PlugBalancerConnectorTypeJST-XHRe4.=Weight:169g1.38InchesROHSCees,LiPo4s14.8y19.24WH1.26Inches2.83Inches",baicinformationbattercapacit1300mahdichardaaamanre100cbattervoltage148vcellconfigurationaconnectortpet60plugbalancerconnectortpethre4weight169g138incherohceelipo41481924wh126inche283inche
https://m.media-amazon.com/images/I/61x6RSjwQIL.jpg,299791,item_weight,10.0 gram,"UNIQUEDESIGN,k—0.66inch—>|Weight:10g20""+2”ExtensionModeratethickness,Rotatablescrews,ChainLengthsuitableforashestightlyfixed",uniquedeignk—066inch—weight10g202”etenionmoderatethicknerotatablecrewchainlengthuitableforahetightlfied
https://m.media-amazon.com/images/I/613BeFNwHcL.jpg,523149,item_weight,7.0 gram,,
https://m.media-amazon.com/images/I/61hWZdkq6WL.jpg,630390,item_weight,750.0 gram,WHEYPROTEIN9CIntegratorealimentarediproteineLUTENdelsierodellatteisolateevitamine.Conedulcoranti.Ultrasolubile.FoodsupplementofmicroultrafilteredSree(CFM)wheyproteinisolateandvitamins.Withsweeteners.Ultrasoluble.750g30dosi/servingsCREMANOCCIOLA,wheprotein9cintegratorealimentarediproteinelutendelierodellatteiolateevitamineconedulcorantiultraolubilefoodupplementofmicroultrafilteredreecfmwheproteiniolateandvitaminwithweetenerultraoluble750g30doiervingcremanocciola
https://m.media-amazon.com/images/I/71E7CU55dcL.jpg,810266,item_weight,160.0 gram,"Specifications:Material:~-borosilicateglassColors:¢3-Natural,Pink,GoldWeight:*160gVolume:¢180mlShape:¢ShibaInu9,5cm",pecificationmaterialboroilicateglacolor3naturalpinkgoldweight160gvolume180mlhapehibainu95cm
https://m.media-amazon.com/images/I/61c+hSNnnZL.jpg,748919,item_weight,270.0 gram,"$e|ZITR@MACPINADESHIDRATADAsieaeweesPesoNeto:270gr,ia",eitrmacpinadehidratadaieaeweepeoneto270gria
https://m.media-amazon.com/images/I/915w0BdW-gL.jpg,993359,item_weight,500 gram,"QT-aslanttn|=NetWe,5009|IIIHIIIl29297001101",qtalanttnnetwe5009iiihiiil29297001101
https://m.media-amazon.com/images/I/61sx0ezNNLL.jpg,731432,item_weight,1 kilogram,"+Lin=fNUTRIARCGMUSCLEMASSGAINER%CHOCOLATEMILKSHAKErip,ZERONETHADDEDSUGAR",linfnutriarcgmuclemagainerchocolatemilkhakeriperonethaddedugar
https://m.media-amazon.com/images/I/71ldprwbKrL.jpg,731432,item_weight,10 kilogram,"PREMIUMQUALITYINGRIDIENTSHIGHQUALITYPROTEINBLENDADDEDCREATINEMONOHYDRATEMASSGRINER,™BCAA&«oy:GLUTAMINE|00%:-\:VITAMINS&zj|",premiumqualitingridienthighqualitproteinblendaddedcreatinemonohdratemagrinerbcaa«oglutamine00vitamin
https://m.media-amazon.com/images/I/71E9iF-bmKL.jpg,731432,item_weight,1 kilogram,"DESIGNEDFOREXTREME.GAINS“f,SupportWeight&(_MuscleBuildingMuscleSize&StrengthMUSCLEé+tRapidMuscleMASSconeyRecoverygo{|agaiWeReduceMuscle“iea¢Breakdown|",deignedforetremegain“fupportweightmuclebuildingmucleietrengthmucleétrapidmuclemaconerecovergoagaiwereducemucle“ieabreakdown
https://m.media-amazon.com/images/I/71sWRp1SNwL.jpg,731432,item_weight,2.2 pound,"TMMContainsAddedFlavour-Chocolate(NaturalandNatureIdenticalNUTRITIONFACTSFlavouringSubstances)AMINOACIDPROFILEServingsPerServingSize1Scoop(50g).BCAA(BranchedChainAminoAcids)(g/100gprotein)Container:20Per100gQuantityPer%DailyLeucine2.509BengValues*IsoLeucine1.259Energy253kcalwallbeeaEssentialAminoAcidsTotalFat193.00%Lysine2.009SaturatedFat059methionine09Phenylalanine1.00TransFat0gTryptophan0.409yCholesterol10mg3%siiteehineHcgOtherAminoAcids(g/100gprotein)Sodium50mg7%Alanine1.409TotalCarbohydrates509SmieAea3.009Glycine0.609Sugars(AsSucrose)5gHistidine0.609premaaoNProline1.259Cysteine0.409BCAABlend559Tryosine1.209Arginine1.209“PercentDailyValues(DV)arebasedona2000caloriediet.YourDailyValuesmaySse1.309behigherorlowerdependingonyourcalorieneeds.DoeAa5awheyproteinblend(WheyProteinCocentrate,WheyProteinIsolate),SkimedMilkPowder,Maltodextrin,AlkalizedCocoaPowder,Stabilizer(INS415,INS417),Sunflowerlecithin(INS322),Sucralose(INS955),Glutamine,CreatineMonohydrate.",tmmcontainaddedflavourchocolatenaturalandnatureidenticalnutritionfactflavouringubtanceaminoacidprofileervingperervingie1coop50gbcaabranchedchainaminoacidg100gproteincontainer20per100gquantitperdailleucine2509bengvalueioleucine1259energ253kcalwallbeeaeentialaminoacidtotalfat19300line2009aturatedfat059methionine09phenlalanine100tranfat0gtrptophan0409choleterol10mg3iiteehinehcgotheraminoacidg100gproteinodium50mg7alanine1409totalcarbohdrate509mieaea3009glcine0609ugaraucroe5ghitidine0609premaaonproline1259cteine0409bcaablend559troine1209arginine1209“percentdailvaluedvarebaedona2000caloriedietourdailvaluemae1309behigherorlowerdependingonourcalorieneeddoeaa5awheproteinblendwheproteincocentratewheproteiniolatekimedmilkpowdermaltodetrinalkaliedcocoapowdertabilierin415in417unflowerlecithinin322ucraloein955glutaminecreatinemonohdrate
https://m.media-amazon.com/images/I/61Fwq4GeTmL.jpg,752266,wattage,60.0 watt,60W6.600lmbianconaturaleIP65,60w6600lmbianconaturaleip65
https://m.media-amazon.com/images/I/61-oj+N+BxL.jpg,459516,item_volume,30.0 millilitre,Dendrobium&MulleiExtractHerbalDronPowerfulLungSupport+Cleanse+Respiratory+Enhance7)Balance{breathingfunction\~mucuslevels@MaimunpotencyCleans&Openairways©FREE-ISOrobium&MulleinictHerbalDroprfulLungSupportiratoryVEGAN-GMOFREE-ISO,dendrobiummulleietractherbaldronpowerfullungupportcleanerepiratorenhance7balancebreathingfunctionmuculevelmaimunpotenccleanopenairwafreeiorobiummulleinictherbaldroprfullungupportiratorvegangmofreeio
https://m.media-amazon.com/images/I/71e6kJLE+LL.jpg,459516,item_volume,30.0 millilitre,DENDROBIUM&MUfaeRee|before,dendrobiummufaereebefore
https://m.media-amazon.com/images/I/71SuzaRS7gL.jpg,459516,item_volume,30.0 millilitre,"atesDendrobium&MulleinExtractHerbalDropCleanse«HERBALDROPSOFDENDROBIUMANDPISTILUSEXTRACTSTheherbaldropsareabsorbedunderthetongue.Theingredientsactonthelungsandrespiratorysystemthroughtheblood,stimulateanddilutethemucusinthetracheaandlungs,helpexpelsputumandlungresidueswithin2hours,anddredgetheairway.",atedendrobiummulleinetractherbaldropcleane«herbaldropofdendrobiumandpitiluetracttheherbaldropareaborbedunderthetonguetheingredientactonthelungandrepiratortemthroughthebloodtimulateanddilutethemucuinthetracheaandlunghelpepelputumandlungreiduewithin2houranddredgetheairwa
https://m.media-amazon.com/images/I/71nsfFCXF0L.jpg,459516,item_volume,30.0 millilitre,,
https://m.media-amazon.com/images/I/71hgN7yu9OL.jpg,459516,item_volume,30.0 millilitre,"MAINCOMPONENDendrobium&MulteinExtractHerbalDrop,",maincomponendendrobiummulteinetractherbaldrop
https://m.media-amazon.com/images/I/61SmT8pkLtL.jpg,529606,item_weight,2 ounce,TERPENEINFUSED100%SOYCLEANESTBURNINGWAX“SOFT-TOUCH”MATTEFINISHee,terpeneinfued100ocleanetburningwa“ofttouch”mattefinihee
https://m.media-amazon.com/images/I/71ZtDgGX+iL.jpg,299791,item_weight,8.1 gram,INFORMATIONssb>)ChainLength:48+5cm><)Material:TitaniumSteelbXSize:20X13mm&Weight:8.1g(About)Tips:Thesizeoftheproductismeasuredmanuallyandmaybesubjecttomarginalerror.CustomxText13mm,informationbchainlength485cmmaterialtitaniumteelbie2013mmweight81gabouttiptheieoftheproductimeauredmanuallandmabeubecttomarginalerrorcutomtet13mm
https://m.media-amazon.com/images/I/413FQB0ZMLL.jpg,308856,item_weight,2 kilogram,SINGLEGRAIN,inglegrain
https://m.media-amazon.com/images/I/41EjbFu-+yL.jpg,308856,item_weight,10 kilogram,,
https://m.media-amazon.com/images/I/71dWDwMhWmS.jpg,681445,item_weight,500.0 kilogram,,
https://m.media-amazon.com/images/I/61d6Kj80QSL.jpg,365637,item_weight,200.0 gram,"turalsuiNaMAWW&\MILLETSHORTBREADWithDeyiliumHusk¢AlldaysnackforpoostingenergyfenercyFROM[peuicious,GUPERFOODHEALTHY&FORALLAGEGREATFORGROUPS.oResTION_|NetWeight200m-",turaluinamawwmillethortbreadwithdeiliumhukalldanackforpootingenergfenercfrompeuiciouguperfoodhealthforallagegreatforgrouporetionnetweight200m
https://m.media-amazon.com/images/I/71bvOuz9w1L.jpg,365637,item_weight,200.0 gram,MILLETSHORTBREADackforpoostingenergyyr[peuicious.HEAIGREATFORDIGESTIONAlldays”NERGYFROMel[ENERGYGooFORALLaGROUPS.,millethortbreadackforpootingenergrpeuiciouheaigreatfordigetionallda”nergfromelenerggooforallagroup
https://m.media-amazon.com/images/I/71l0M0tMGjL.jpg,365637,item_weight,200.0 gram,AllNaturalngredients—SSZzraoeQiaantumNaturalsFennelAlldaysnackforboostingenergy[enenovsno[reaucousHearncreate|i|Cc.AS_——————sMilletNetweight2tDdgnMultigrains,allnaturalngredient—raoeqiaantumnaturalfennelalldanackforbootingenergenenovnoreaucouhearncreateicca——————milletnetweight2tddgnmultigrain
https://m.media-amazon.com/images/I/71Lpqdrpi4L.jpg,365637,item_weight,200.0 gram,AlldaysnackforboostingenergyAllNaturalIngredientsQuantum&Improves“ituralsQuicksourceDigestionfofEnergy(eueeeRichinfibreDeliciousintasteandvitaminsaTFORsTiO=ContainssuperfoodincombinationwithMilletsandMultigrains,alldanackforbootingenergallnaturalingredientquantumimprove“ituralquickourcedigetionfofenergeueeerichinfibredeliciouintateandvitaminatfortiocontainuperfoodincombinationwithmilletandmultigrain
https://m.media-amazon.com/images/I/71jLIbCcwOL.jpg,365637,item_weight,100.0 gram,"NutritionFacts|Valueper100gValueperServingEnergy,kcal/100g566.76202.4Protein,g/100g6.25Pax)TotalCarbohydrate,g/100g57.9320.69TotalFat,g/100g30.6410.94VitaminA,mcg/100g00VitaminC,mg/100g5.992aTotalSugar(sucrose),g/100g5.992.14DietaryFibre,g/100g2a0.83Caloriesfromfat(Kcal/100gm)275.7698.49Sodium,mg/100g24.288.67Calcium,mg/100g52.4218.72Iron,mg/100g2.781.0eSaturatedFattyAcid,g/100g19.416.9TransFattyAcid,g/100go};oo};oCholesterol,mg/100g",nutritionfactvalueper100gvalueperervingenergkcal100g566762024proteing100g625patotalcarbohdrateg100g57932069totalfatg100g30641094vitaminamcg100g00vitamincmg100g5992atotalugarucroeg100g599214dietarfibreg100g2a083caloriefromfatkcal100gm275769849odiummg100g2428867calciummg100g52421872ironmg100g27810eaturatedfattacidg100g194169tranfattacidg100goooocholeterolmg100g
https://m.media-amazon.com/images/I/718EdwGgyVL.jpg,365637,item_weight,200.0 gram,"AvailableiTeinWOOTHERDIFFERENTFLAVOURSMILLETSHORTBREAD.edWithPsylliumHuskand|Enhane:.dwithCocoButterSweeteneackforboostingenékforboostingene!alldaysmAlldaysnac!SUPERFOODFoRALLACE“GROUPS.eeesNetweight2000MILLETSHORTBREADWithPsylliumHuskandfennelEnhancedsweetenedwithJaggeryAlldaysnackforboostingenergyrauencyFROMFromucousSupERFOO?onSORALLACE|Creareceo)ecgcretion|NetWeight2009""",availableiteinwootherdifferentflavourmillethortbreadedwithplliumhukandenhanedwithcocobutterweeteneackforbootingenékforbootingenealldamalldanacuperfoodforallace“groupeeenetweight2000millethortbreadwithplliumhukandfennelenhancedweetenedwithaggeralldanackforbootingenergrauencfromfromucouuperfooonorallacecreareceoecgcretionnetweight2009
https://m.media-amazon.com/images/I/713twQgCHSL.jpg,487566,item_weight,5.0 kilogram,,
https://m.media-amazon.com/images/I/61I0O1qJbhS.jpg,767202,item_weight,60.0 pound,UnsereProduktereduzierendieBetriebskostendesDruckersumbiszu60%undbehaltendabeidenhohentechnischenParameterunddieDruckqualitatbei.,unereproduktereduierendiebetriebkotendedruckerumbiu60undbehaltendabeidenhohentechnichenparameterunddiedruckqualitatbei
https://m.media-amazon.com/images/I/61eOO5IW4NL.jpg,369753,item_volume,3.0 cubic foot,HOWTOUSE1TEST2PREPTakeaeasyskinallergytestSkincareandmoisturizingbeforeuse3CUT4sticKCuttothesizeasrequiredCovertheareasthatneed,howtoue1tet2preptakeaeakinallergtetkincareandmoituriingbeforeue3cut4tickcuttotheiearequiredcovertheareathatneed
https://m.media-amazon.com/images/I/716AQpAJjZL.jpg,731432,item_weight,227 gram,"SuggestedStorageStoreinacool,dryplaceafteropening.mmoo.",uggetedtoragetoreinacooldrplaceafteropeningmmoo
https://m.media-amazon.com/images/I/71FVeRd2jqL.jpg,709627,item_weight,100 gram,I100.4OFCHARGES-anadwana|,i1004ofchargeanadwana
https://m.media-amazon.com/images/I/81njuNSPdjL.jpg,639090,item_weight,190.0 gram,"GrandDessertSchokotrahmtSchokocrémemitSahne.Zutaten:eniNIS,FGiukose-Fruktose-Siup,oeade(Zucker,Kakaopulveren1]|TD)520kJalH4+Bet4gteFettsaurenioe|3EhrmannGmbHHauptstr.1987770OberschineggWWW.ehrmann.de4""002971°253009",granddeertchokotrahmtchokocrémemitahneutateneninifgiukoefruktoeiupoeadeuckerkakaopulveren1td520kalh4bet4gtefettaurenioe3ehrmanngmbhhaupttr1987770oberchineggwwwehrmannde4002971253009
https://m.media-amazon.com/images/I/51xfRlxWIXL.jpg,639090,item_weight,100.0 gram,,
https://m.media-amazon.com/images/I/71duwM3SjpL.jpg,459516,item_weight,600 milligram,"Supports:YStress&AnxietyBuster*YImproveSleepQuality*YStrength&Stamina*voKSM-66""Ashwagandha5%withanolidesAKsyge™600mg«60chVeaps®Plus",upporttreanietbuterimproveleepqualittrengthtaminavokm66ahwagandha5withanolideakge600mg«60chveapplu
https://m.media-amazon.com/images/I/612xIhPMHqL.jpg,630869,item_weight,3.2 gram,"1.60INcH(40.7MM)NetWeight:3.2GS||DeoreeeeenMforecerdinSyTeas=|ee925SterlingSilverCustomizable6.3+2INCHExtendChain(160mm+50MM)Manualmeasurement,thesizemaybeslightlydifferentfromthephysical.",160inch407mmnetweight32gdeoreeeeenmforecerdinteaee925terlingilvercutomiable632inchetendchain160mm50mmmanualmeaurementtheiemabelightldifferentfromthephical
https://m.media-amazon.com/images/I/51b9JEHOriL.jpg,630869,item_weight,6.5 gram,Weight:6.5gLength:19¢cm+5cm,weight65glength19cm5cm
https://m.media-amazon.com/images/I/81lgxfKqUUL.jpg,881883,item_weight,160.0 gram,"%IELEGANTJACQUARDWINDOWCURTAINWITHATTACHEDVALANCEDescription:Color:160GSMJAQUARD+FANCYVALANCEFabricContent:100%Polyester.Size:54""x84""+18""VENICECOLLECTIONS,INC.RN#131381MADEINCHINABeigeBURGUNDYLIGHTBROWNLighttaupeTIN",ielegantacquardwindowcurtainwithattachedvalancedecriptioncolor160gmaquardfancvalancefabriccontent100poleterie548418venicecollectionincrn131381madeinchinabeigeburgundlightbrownlighttaupetin
https://m.media-amazon.com/images/I/814sAvV89SL.jpg,558374,item_weight,42.0 gram,"NutritionFactsServingsize3Pieces(42g)eeAmountPerServingSeCalories‘«*)160%DailyValue*TotalFat0g0%SaturatedFat0g0%TransFatOg0%1%TotalCarbohydrate39g14%DietaryFiberOgTotalSugars28gIncludes28gAddedSugarsProtein0gVitaminDOmcgCalciumOmglronOmgPotassiumOmg*The%DailyValue(DV)tellsyouhowmuchanutrientinaservingoffoodcontributestoadailydiet.2,000caloriesadayisusedforgeneralnutritionadvice.Ingredients:Sugar,Glucose,Agar,CitricAcid,CanolaOil,Natural&ArtificialFlavors,ArtificialColors",nutritionfactervingie3piece42geeamountperervingecalorie‘«160dailvaluetotalfat0g0aturatedfat0g0tranfatog01totalcarbohdrate39g14dietarfiberogtotalugar28ginclude28gaddedugarprotein0gvitamindomcgcalciumomglronomgpotaiumomgthedailvaluedvtellouhowmuchanutrientinaervingoffoodcontributetoadaildiet2000calorieadaiuedforgeneralnutritionadviceingredientugarglucoeagarcitricacidcanolaoilnaturalartificialflavorartificialcolor
https://m.media-amazon.com/images/I/61cMeogK8gL.jpg,601746,item_weight,26.0 gram,BALLWEIGHT:26GramsBALLDIAMETER:74mmNUMBEROFHOLES:40,ballweight26gramballdiameter74mmnumberofhole40
https://m.media-amazon.com/images/I/811VfR10yxL.jpg,752266,wattage,0.55 watt,"Specification::Productname:SolarSensorWallLightsQuantity:2PCS::Solarpanel:5.5V,0.55WLED:144LEDSensorangle:120degreesSensordistance:3-7m:Protectionlevel:IP65waterproofIdealmountingheight:4.8-2.5m_Workingtemperature:-40°C~+85°CSwitch:Mode1—Mode2>Mode3off:ProductSize:12.4x9.6x4.8cm/4.88x3.80x1.89inChargingtime:8hoursinthesunlightFunctionSwitch:4.Thefirstworkmode:continuouslybrightlight2The2ndworkmode:thelightswillilluminatewithaconstantlightindarkplaces,whenpeoplegothroughthesensorarea,stronglighting20seconds.Andthelightwillturntodimafterpeopleleavetheinductionarea.3.The3rdworkmode:Whenpeoplegothroughthesensorarea,thelightwillbestrong.Andthelightwillturnoffafterpeopleleavetheinductionarea.:oeceWEAetnMadeinChina",pecificationproductnameolarenorwalllightquantit2pcolarpanel55v055wled144ledenorangle120degreeenorditance37mprotectionlevelip65waterproofidealmountingheight4825mworkingtemperature40c85cwitchmode1—mode2mode3offproductie1249648cm488380189inchargingtime8hourintheunlightfunctionwitch4thefirtworkmodecontinuoulbrightlight2the2ndworkmodethelightwillilluminatewithacontantlightindarkplacewhenpeoplegothroughtheenorareatronglighting20econdandthelightwillturntodimafterpeopleleavetheinductionarea3the3rdworkmodewhenpeoplegothroughtheenorareathelightwillbetrongandthelightwillturnoffafterpeopleleavetheinductionareaoeceweaetnmadeinchina
https://m.media-amazon.com/images/I/71WLYfmMqQL.jpg,254449,item_weight,50.0 milligram,Non.rq250tabletspno080tcomprimeés,nonrq250tabletpno080tcomprimeé
https://m.media-amazon.com/images/I/61Dq3LRei9L.jpg,523149,item_weight,10.0 kilogram,,
https://m.media-amazon.com/images/I/71XK5d3Oh9L.jpg,416664,wattage,49.0 watt,,
https://m.media-amazon.com/images/I/61kyBEJYDeL.jpg,459516,item_weight,500 milligram,,
https://m.media-amazon.com/images/I/71uQmsTESvL.jpg,459516,item_weight,500 milligram,GREENCOFFEEDiscoverwelinessS426HelpsControlSupportsBloodAppetite*SugarLevel*SupportsWeightSupportsImmunemanagment*System*EG=)Boo\HerbalmaxHealthyMetabolism*GREENDigestion*C1}BURNFAT3):EnhanceertSupportsMood*{FatBurn*,greencoffeedicoverweline426helpcontrolupportbloodappetiteugarlevelupportweightupportimmunemanagmenttemegbooherbalmahealthmetabolimgreendigetionc1burnfat3enhanceertupportmoodfatburn
https://m.media-amazon.com/images/I/71jG8BOi4WL.jpg,241608,item_weight,16.0 gram,16GThickHighGrade304StainlessSteel—WaterRepellent——StainResistant&Anti-bacterialProtection——,16gthickhighgrade304tainleteel—waterrepellent——tainreitantantibacterialprotection——
https://m.media-amazon.com/images/I/61390hosjFL.jpg,308856,item_weight,8 kilogram,SPURINA?|»AtaPUPPYIYE.22)§a,purinaatapuppie22§a
