index,image_link,group_id,entity_name,e
63253,https://m.media-amazon.com/images/I/51kWDXUTMRL.jpg,295706,height,"1""~P1.57""40mm54"
63254,https://m.media-amazon.com/images/I/51kWQAeq0dL.jpg,681445,width,8QGRANDADLovedand'titlrespected the end of hisRemembereddays:love forwithwayS:3kindall his _cm14
63255,https://m.media-amazon.com/images/I/51kWQAeq0dL.jpg,681445,depth,8QGRANDADLovedand'titlrespected the end of hisRemembereddays:love forwithwayS:3kindall his _cm14
63256,https://m.media-amazon.com/images/I/51kWTG56JdL.jpg,941694,item_volume,"Nutrition Facts]6 ser ; nosEeulcisize !oitikurinCalores 240|Quila MalugHueu5IMMUNEdac-nISUPPORTiMMNZElletenaSUPPORTDiscover key nutrientsTlulelletound In BodsteVITAMINS C& Dmtt@bbonal cnnkst0Ic IporWas0n%belp support bheldios""Joxi5intIrmune systomae fltMLAAcrenETAomFmCBooST""ProvuLNOrckiNutritional DrinksHELP YOU GETSealeo FoRMORE OUT OFFRESHAESSMe # @fnorSHAKEWELLCHILLLIFE TODAY ANDCtthmnocpgg[TOMORROWLallored nuiniticn lo netpGLUIENdidinatIeelYour needs"
63257,https://m.media-amazon.com/images/I/51kWk-4+5-L.jpg,881883,width,"PRODUCT SIZEAvailable for Most Shower Stall/Bathtub72""72"""
63258,https://m.media-amazon.com/images/I/51kWk-4+5-L.jpg,881883,depth,"PRODUCT SIZEAvailable for Most Shower Stall/Bathtub72""72"""
63259,https://m.media-amazon.com/images/I/51kWkE67a5L.jpg,758128,height,224 cm306 cm590 cm
63260,https://m.media-amazon.com/images/I/51kWlSGu8aL.jpg,752266,depth,"15 CM1T833914 CM5.51"" )5.91"""
63261,https://m.media-amazon.com/images/I/51kWlSGu8aL.jpg,752266,height,"15 CM1T833914 CM5.51"" )5.91"""
63262,https://m.media-amazon.com/images/I/51kWsJiG5bL.jpg,529606,width,AGLARYNatural BeeswaxBEESWAXCANDLESACLATBEESWAXNiTURALHeight:pack of
63263,https://m.media-amazon.com/images/I/51kWsJiG5bL.jpg,529606,height,AGLARYNatural BeeswaxBEESWAXCANDLESACLATBEESWAXNiTURALHeight:pack of
63264,https://m.media-amazon.com/images/I/51kWsJiG5bL.jpg,529606,depth,AGLARYNatural BeeswaxBEESWAXCANDLESACLATBEESWAXNiTURALHeight:pack of
63265,https://m.media-amazon.com/images/I/51kX+suVnYL.jpg,932289,depth,Product Size28in/71cm1~4in/1Ocm
63266,https://m.media-amazon.com/images/I/51kX+suVnYL.jpg,932289,width,Product Size28in/71cm1~4in/1Ocm
63267,https://m.media-amazon.com/images/I/51kXB5AancL.jpg,745387,height,78 cm120 cm39 cm
63268,https://m.media-amazon.com/images/I/51kXBg2lAjL.jpg,261553,width,3mm3mm12inch12inch3mm3mm12inch12inch
63269,https://m.media-amazon.com/images/I/51kXBg2lAjL.jpg,261553,height,3mm3mm12inch12inch3mm3mm12inch12inch
63270,https://m.media-amazon.com/images/I/51kXVXP3i1L.jpg,469317,height,"p9.4""42""WHITSUNDAY22.6""34.6""8"
63271,https://m.media-amazon.com/images/I/51kXYO9JEjL.jpg,416664,height,"18HOMl16,5 cm / 6.5 in"
63272,https://m.media-amazon.com/images/I/51kXYO9JEjL.jpg,416664,depth,"18HOMl16,5 cm / 6.5 in"
63273,https://m.media-amazon.com/images/I/51kXajHP4VL.jpg,748919,item_weight,GteenatulaWhole Dried chilies (Medlum Hot)NET MI 402 (1148)
63274,https://m.media-amazon.com/images/I/51kXugY6RWS.jpg,931856,depth,85'A633.14 in / 8 cm
63275,https://m.media-amazon.com/images/I/51kY4pnLWcL.jpg,849273,height,24inch37inch9inch1 inch13inch
63276,https://m.media-amazon.com/images/I/51kY7KWLVaL.jpg,470067,depth,"3.13""[79.51mm]6.09""[154.64mm]"
63277,https://m.media-amazon.com/images/I/51kY7KWLVaL.jpg,470067,height,"3.13""[79.51mm]6.09""[154.64mm]"
63278,https://m.media-amazon.com/images/I/51kYBFdhHxL.jpg,142748,depth,55cm/21.7in18Ocm/31.Sin
63279,https://m.media-amazon.com/images/I/51kYLIFNUtL.jpg,445721,maximum_weight_recommendation,"A2 2 W 0 0 D Solvalla garden house18*4SQF17218'4"" x 9'3""13/16""31-7/8"" * 76'degrcctsliding134""48"" * 92""2500"
63280,https://m.media-amazon.com/images/I/51kYPjtGh+L.jpg,801829,width,=55NIAY0Cm44cm
63281,https://m.media-amazon.com/images/I/51kYeHjdmwL.jpg,681445,height,11.8CM/4.6IN114CM/S.SIN
63282,https://m.media-amazon.com/images/I/51kYeHjdmwL.jpg,681445,depth,11.8CM/4.6IN114CM/S.SIN
63283,https://m.media-amazon.com/images/I/51kYhuGjmPL.jpg,276611,height,160cm30cm60cm
63284,https://m.media-amazon.com/images/I/51kYj9NnN9L.jpg,434825,width,"15.5""12""WaterproofDustproofTearproof"
63285,https://m.media-amazon.com/images/I/51kYj9NnN9L.jpg,434825,depth,"15.5""12""WaterproofDustproofTearproof"
63286,https://m.media-amazon.com/images/I/51kYjzpgLhL.jpg,752266,depth,Ultraflache Lampe2cm28Ci01809Abstrahlwinkel24W
63287,https://m.media-amazon.com/images/I/51kYn3slOtL.jpg,752266,height,Size Display7.87 inch (20cm)42Irch(I2cm)9.06 inch(23cm)19.3 inch (49cm)E26 Bulb BaseMax Wattage:40WVoltage:110VLight Bulbs not Included
63288,https://m.media-amazon.com/images/I/51kYxlG8+PL.jpg,311997,width,6.8 in9.3 in6.5 in15.5 in15.5 in13in
63289,https://m.media-amazon.com/images/I/51kZ5Xpe61S.jpg,594224,width,15cm1lcm1Ocm9cm
63290,https://m.media-amazon.com/images/I/51kZ5Xpe61S.jpg,594224,depth,15cm1lcm1Ocm9cm
63291,https://m.media-amazon.com/images/I/51kZJQlrw0L.jpg,849273,depth,0223 CM19
63292,https://m.media-amazon.com/images/I/51kZJQlrw0L.jpg,849273,height,0223 CM19
63293,https://m.media-amazon.com/images/I/51kZPM60WRL.jpg,483370,height,52216cm3.Scm9.5cm
63294,https://m.media-amazon.com/images/I/51kZPM60WRL.jpg,483370,depth,52216cm3.Scm9.5cm
63295,https://m.media-amazon.com/images/I/51kZSVoeO+L.jpg,192915,depth,"4.56""4.5""ToggleRocker"
63296,https://m.media-amazon.com/images/I/51kZSVoeO+L.jpg,192915,width,"4.56""4.5""ToggleRocker"
63297,https://m.media-amazon.com/images/I/51kZSVoeO+L.jpg,192915,height,"4.56""4.5""ToggleRocker"
63298,https://m.media-amazon.com/images/I/51kZXuGPG1L.jpg,652519,width,1.5 in4cm9.0 in / 23 cm
63299,https://m.media-amazon.com/images/I/51kZXuGPG1L.jpg,652519,height,1.5 in4cm9.0 in / 23 cm
63300,https://m.media-amazon.com/images/I/51kZebO42zL.jpg,675317,height,lever will fit 35mmLEVRSET MSTNLLATONI2JactiWM35 mmn60mmThis0e? $7un1DAcSE Z01DAcKEED
63301,https://m.media-amazon.com/images/I/51kZebO42zL.jpg,675317,depth,lever will fit 35mmLEVRSET MSTNLLATONI2JactiWM35 mmn60mmThis0e? $7un1DAcSE Z01DAcKEED
63302,https://m.media-amazon.com/images/I/51kZfxhCIKL.jpg,430434,depth,188.5cm/3.35in
63303,https://m.media-amazon.com/images/I/51kZfxhCIKL.jpg,430434,height,188.5cm/3.35in
63304,https://m.media-amazon.com/images/I/51kZfxhCIKL.jpg,430434,width,188.5cm/3.35in
63305,https://m.media-amazon.com/images/I/51kZocvPx5L.jpg,961822,item_volume,"BONuS 2QctBONIIS 20cTBONUS ZOcTREPELINSECT REPELLeMtMosquITOWPES80""DEETREPELSMOSQuIoes IcKS,HEALTH&0Eey osougegdutdddrSKoka TonelTTeYacG"
63306,https://m.media-amazon.com/images/I/51kZs+hRvOL.jpg,849273,height,47 X 35.5 X 0. ICM/ 18.5 X13.9 X 0. 041N1247CM/I8.5IN
63307,https://m.media-amazon.com/images/I/51kZwrwoVeL.jpg,652661,depth,{120cm/7.87inch
63308,https://m.media-amazon.com/images/I/51kZzZRINjL.jpg,524117,height,17.5CMKsa18CM33CM
63309,https://m.media-amazon.com/images/I/51ka1U0NOVL.jpg,131797,height,123Ld8CCNvONETFLIXPidee1.37in0.78in]
63310,https://m.media-amazon.com/images/I/51ka1U0NOVL.jpg,131797,width,123Ld8CCNvONETFLIXPidee1.37in0.78in]
63311,https://m.media-amazon.com/images/I/51kaBtX6hZL.jpg,784538,depth,6Ocm143cm
63312,https://m.media-amazon.com/images/I/51kaLU4tilL.jpg,640408,depth,7.8in1.6in
63313,https://m.media-amazon.com/images/I/51kaLU4tilL.jpg,640408,width,7.8in1.6in
63314,https://m.media-amazon.com/images/I/51kaNvyvujL.jpg,130591,item_weight,Ultralight & CompactSave a Pillow and Pump11.381.76LBEnough Support to Turn Rough into Flat78.7
63315,https://m.media-amazon.com/images/I/51kaaI7nJUL.jpg,243137,depth,"118""/300cm31"
63316,https://m.media-amazon.com/images/I/51kanggzwSL.jpg,993498,height,5 cm8 cm
63317,https://m.media-amazon.com/images/I/51kanggzwSL.jpg,993498,depth,5 cm8 cm
63318,https://m.media-amazon.com/images/I/51kauX9VzeL.jpg,594224,width,PRODUCT SIZE2 1om / 8 .3 i n6~X01 5cm/5 . 9 i n
63319,https://m.media-amazon.com/images/I/51kavi9KoBL.jpg,941694,item_volume,20PROTEINCHOCOLATEFeueSMOOTH206HaoiaRICHPOWERFULCHOCOLATEDRINKMCDC hCREEK YOGURT~HighaGREEKJloc UXTYOGURT
63320,https://m.media-amazon.com/images/I/51kb-9L-U7L.jpg,801829,width,26 cm888&88955 cm529596 cmcmcm
63321,https://m.media-amazon.com/images/I/51kbAeEtpgL.jpg,752266,width,"Total width:Largeur totale8"" (20.3cm)5.11""(12.9 cm)10.6""(27 cm)6.38""(16.2 cm)8"" (20.32 cm)9.28"" (23.5 cm)bulb not includedampoule non incluse"
63322,https://m.media-amazon.com/images/I/51kbH6Zc+tL.jpg,635528,voltage,38800mAh Big Capacity4x USB port charge four devices at once4 x USB
63323,https://m.media-amazon.com/images/I/51kbwRmXlaL.jpg,434825,width,"7.5""(9cm)Apple 13 phone case10.5""(26.7cm)"
63324,https://m.media-amazon.com/images/I/51kbwRmXlaL.jpg,434825,depth,"7.5""(9cm)Apple 13 phone case10.5""(26.7cm)"
63325,https://m.media-amazon.com/images/I/51kc1u1gIlL.jpg,416664,height,21cm/8.26in12cm/4.7in1I19.Scm/7.68in11cm/4 33in
63326,https://m.media-amazon.com/images/I/51kc1u1gIlL.jpg,416664,width,21cm/8.26in12cm/4.7in1I19.Scm/7.68in11cm/4 33in
63327,https://m.media-amazon.com/images/I/51kc35f1udL.jpg,939426,maximum_weight_recommendation,Premium synthetic grass with soft texturemakes them more pleasing forwhoare used to lawns or backyardsodogs'
63328,https://m.media-amazon.com/images/I/51kc3wYJNNL.jpg,978900,height,2252510/7.9in20cmA5
63329,https://m.media-amazon.com/images/I/51kc9bHs5lL.jpg,362818,depth,420ML550ML11.5cm11.5cm56
63330,https://m.media-amazon.com/images/I/51kc9xi24oL.jpg,152057,item_weight,KAN:~(gtKGRATEDRAFMSTYLE
63331,https://m.media-amazon.com/images/I/51kcCSA7F6L.jpg,872083,item_weight,"Nutrition FactsSaninns Pa Conia ca(Serwing SizePocact (7a1Pacact ( Ia691nildrenIhrouaRarvingGMOCalories140Ldalbvalua-Duily VillaTotal Fatsalln-RdFatNonSoyGMOFreeCholestcroSodium15JinaUlnTolal Cu ohydralcelarFidarSCdaFaeInsdunlo FirarTatal Slonr Incl; Aojcd SulingPruledJ0r8LactoseGlutenWatan DFrecFreeCicumJennFolaseumVnutanW >aiUSDAan Dn0 & unclind[OMorLDrod necned/INGREQIENTS: ORCANIC PrE ? WMc tapioc4 aiber OrGANICORGANICPAOTFCCNCFRTRATF OAGANIc CAeaORGANCEICSUMFLONERCRGANiC RICE SYRUP SCLICSJaGANIC FEAFCvECirkiz lagACSNFLOWERUFCTEPHCSPFATEOaGa Nic GMOCADQOILJRGANIC COO04 RJV DER, ORGANICNAIJRAL AAVORSWaLAIQataber, ORGANIC LOCJSLBEANLSESALTKLafOAGLNISVIAAR4REYIAACASCORBIC ACIDMttakORGANICMONK FRUM EXTRACT VIAPMAIF vi03, COntAINS MIlk (LACTOSE FAEE):6oIntGtt1eot0"
63332,https://m.media-amazon.com/images/I/51kcFw00jvL.jpg,658003,depth,7.2cm30cm
63333,https://m.media-amazon.com/images/I/51kcFw00jvL.jpg,658003,height,7.2cm30cm
63334,https://m.media-amazon.com/images/I/51kcOKso-nL.jpg,784538,height,ANELCOMABOARD32cm
63335,https://m.media-amazon.com/images/I/51kcOKso-nL.jpg,784538,width,ANELCOMABOARD32cm
63336,https://m.media-amazon.com/images/I/51kcOKso-nL.jpg,784538,depth,ANELCOMABOARD32cm
63337,https://m.media-amazon.com/images/I/51kcTZpcemL.jpg,478357,width,"16.54""4.13""4.13""20.08""10.63""12.60"""
63338,https://m.media-amazon.com/images/I/51kcTrEoFCS.jpg,241895,height,"4311,7 cm4,6 in52,6 cm16,5 cm20,7 in6,5 inaorPro Laminatof60o "
63339,https://m.media-amazon.com/images/I/51kcYH61poL.jpg,242256,depth,SFt5
63340,https://m.media-amazon.com/images/I/51kcYH61poL.jpg,242256,height,SFt5
63341,https://m.media-amazon.com/images/I/51kd4qVnXDL.jpg,452717,maximum_weight_recommendation,GREAT VALUE PACK OF 40OPLUSHZInC HOOKSVELVETCOVERING
63342,https://m.media-amazon.com/images/I/51kdA6m3LNL.jpg,991868,width,43cm(16. 92 in)4cm(1. S7in)8|113. 5cm(5.3in)
63343,https://m.media-amazon.com/images/I/51kdAMUPXpL.jpg,708102,height,"9.5cm0.79'1.97""15.5cm*Unit: Inch"
63344,https://m.media-amazon.com/images/I/51kdAMUPXpL.jpg,708102,depth,"9.5cm0.79'1.97""15.5cm*Unit: Inch"
63345,https://m.media-amazon.com/images/I/51kdAMUPXpL.jpg,708102,width,"9.5cm0.79'1.97""15.5cm*Unit: Inch"
63348,https://m.media-amazon.com/images/I/51kdDex0DcL.jpg,945489,width,"0.69in1.75cm13[61011011.52in3.88cm1,15in2.93cm6OML"
63349,https://m.media-amazon.com/images/I/51kdJdsBZOL.jpg,872083,item_weight,"E8E/7ait""l21094 +Walnuts, Almonds;Job $ Tears Tea2Toe,273}15STGkt270041,275kcal / 18 0X 152 012549,2539,3881%"
63350,https://m.media-amazon.com/images/I/51kdMhtHn1L.jpg,521308,height,5E882156cmcm
63351,https://m.media-amazon.com/images/I/51kdSpg8FuL.jpg,916768,depth,1.5 in / 4 cm2.2 in5.7 cm
63352,https://m.media-amazon.com/images/I/51kdtVD3YJL.jpg,150535,height,Dimension23cm / 9 in
63353,https://m.media-amazon.com/images/I/51kdtVD3YJL.jpg,150535,width,Dimension23cm / 9 in
63354,https://m.media-amazon.com/images/I/51kdtVD3YJL.jpg,150535,depth,Dimension23cm / 9 in
63355,https://m.media-amazon.com/images/I/51kdtxJ5fsL.jpg,695925,depth,16 cm18 cm20 cm22 cm24 cm
63356,https://m.media-amazon.com/images/I/51kdtxJ5fsL.jpg,695925,height,16 cm18 cm20 cm22 cm24 cm
63357,https://m.media-amazon.com/images/I/51kduyFjZ5L.jpg,900671,wattage,"85% Less OilEnjoy the same crispy taste of deep-fried food with up to 85%less oil.30oo85%TreoigtFATchoice450""188"
63358,https://m.media-amazon.com/images/I/51kduyFjZ5L.jpg,900671,voltage,"85% Less OilEnjoy the same crispy taste of deep-fried food with up to 85%less oil.30oo85%TreoigtFATchoice450""188"
63359,https://m.media-amazon.com/images/I/51ke+kV3txL.jpg,276611,height,"34.5""21.88""60"
63360,https://m.media-amazon.com/images/I/51ke+kV3txL.jpg,276611,width,"34.5""21.88""60"
63361,https://m.media-amazon.com/images/I/51ke7BhmM6L.jpg,970563,depth,"2 MMThicknessSteel Plate6""- Inch65 MM"
63362,https://m.media-amazon.com/images/I/51ke7BhmM6L.jpg,970563,height,"2 MMThicknessSteel Plate6""- Inch65 MM"
63363,https://m.media-amazon.com/images/I/51keAWFYhTL.jpg,648011,depth,"1.22""9Please make sure the size of the bulb suitable for your fixture"
63364,https://m.media-amazon.com/images/I/51keAWFYhTL.jpg,648011,height,"1.22""9Please make sure the size of the bulb suitable for your fixture"
63365,https://m.media-amazon.com/images/I/51keDXf+fcL.jpg,658003,height,1pcsZpcsDorts5.8in15.Sin2.7in11.8in9pcs
63366,https://m.media-amazon.com/images/I/51keDXf+fcL.jpg,658003,depth,1pcsZpcsDorts5.8in15.Sin2.7in11.8in9pcs
63367,https://m.media-amazon.com/images/I/51kePGdMI5L.jpg,347404,depth,12.8 in / 32.5 cm6.7 in / 17 cm
63368,https://m.media-amazon.com/images/I/51kePGdMI5L.jpg,347404,width,12.8 in / 32.5 cm6.7 in / 17 cm
63369,https://m.media-amazon.com/images/I/51kePGdMI5L.jpg,347404,height,12.8 in / 32.5 cm6.7 in / 17 cm
63370,https://m.media-amazon.com/images/I/51keYvG2eTL.jpg,470067,width,(08g10cm/3.9in(0{13.5cm/5.3in
63371,https://m.media-amazon.com/images/I/51ked8uS8bL.jpg,931856,depth,10 CM5g
63372,https://m.media-amazon.com/images/I/51ked8uS8bL.jpg,931856,width,10 CM5g
63373,https://m.media-amazon.com/images/I/51kefDfdCAL.jpg,130591,maximum_weight_recommendation,SUITABLE FOR ADULTScavreSTURDY & DURABLENonSIPRUBBER FEETETR[NclyROBUSTcuaaNFTRIANGULARSTEEL TudEsTOTALPRODUCTCUFCAneLRSWFICHTcpiciTYAayAS0 LR5
63374,https://m.media-amazon.com/images/I/51kejIAdy0L.jpg,483370,depth,3.2FEET(1OOCM)1.1FEET(35CM)
63375,https://m.media-amazon.com/images/I/51kejIAdy0L.jpg,483370,height,3.2FEET(1OOCM)1.1FEET(35CM)
63376,https://m.media-amazon.com/images/I/51kf+T9CkYL.jpg,978900,depth,"L'UNIVERS DE LA PATISSERIEprootke3,5 cm28 cm"
63377,https://m.media-amazon.com/images/I/51kf+T9CkYL.jpg,978900,height,"L'UNIVERS DE LA PATISSERIEprootke3,5 cm28 cm"
63378,https://m.media-amazon.com/images/I/51kf3BZIP-L.jpg,120219,height,"5,9,8cm3,5cm2,2cm4cm3cm6cm"
63379,https://m.media-amazon.com/images/I/51kfEygoNuL.jpg,970563,height,"2363.94""1.57"""
63380,https://m.media-amazon.com/images/I/51kfHudSiBS.jpg,916768,item_volume,"PERFECT SIZE750mL / 26 0z6.73""2.46"""
63381,https://m.media-amazon.com/images/I/51kfLf1BSML.jpg,483370,width,1511cm/4.33inKoxe
63382,https://m.media-amazon.com/images/I/51kfLf1BSML.jpg,483370,depth,1511cm/4.33inKoxe
63383,https://m.media-amazon.com/images/I/51kfQ+3wdEL.jpg,612552,width,"2.5""2.7"""
63384,https://m.media-amazon.com/images/I/51kfQ+3wdEL.jpg,612552,depth,"2.5""2.7"""
63385,https://m.media-amazon.com/images/I/51kfRGvOzjL.jpg,978900,depth,"19.5cm/7.68""i"
63386,https://m.media-amazon.com/images/I/51kfRGvOzjL.jpg,978900,width,"19.5cm/7.68""i"
63387,https://m.media-amazon.com/images/I/51kfZJrJlVL.jpg,483370,depth,PRODUCT SIZE1I516cm/6.2in15.5cm/6.1in
63388,https://m.media-amazon.com/images/I/51kfb7YYq3L.jpg,494658,width,8cm45cm145cm
63389,https://m.media-amazon.com/images/I/51kfpxIU5lS.jpg,675317,width,"220mm/8.66""38mm/1.5""160mm/6.3""27mm/1.06"""
63390,https://m.media-amazon.com/images/I/51kfwiz0o+L.jpg,844474,width,0ROKA12cm30cm
63391,https://m.media-amazon.com/images/I/51kg2KIBgIL.jpg,220662,width,9.5CM9.5CM24CMCUP~CUp HoldeRP Holder
63392,https://m.media-amazon.com/images/I/51kg2KIBgIL.jpg,220662,depth,9.5CM9.5CM24CMCUP~CUp HoldeRP Holder
63393,https://m.media-amazon.com/images/I/51kg2KIBgIL.jpg,220662,height,9.5CM9.5CM24CMCUP~CUp HoldeRP Holder
63394,https://m.media-amazon.com/images/I/51kgZ6xB7kL.jpg,886874,width,"08.97""22.8cm'2.36""6cm_3J"
63395,https://m.media-amazon.com/images/I/51kgalzSEYL.jpg,594224,height,19.05cm16.76cm37.08cm
63396,https://m.media-amazon.com/images/I/51kgg7AUksL.jpg,478357,height,"25""20.25""27.5"""
63397,https://m.media-amazon.com/images/I/51kgiAELdsL.jpg,886874,height,13.Scm7cm16cm
63398,https://m.media-amazon.com/images/I/51kgkOTotYL.jpg,648011,depth,2.5w LED = 30W Flourescentp25mmgPerfectReplacement360221mm360 Degree Light Angle
63399,https://m.media-amazon.com/images/I/51kgkOTotYL.jpg,648011,height,2.5w LED = 30W Flourescentp25mmgPerfectReplacement360221mm360 Degree Light Angle
63400,https://m.media-amazon.com/images/I/51kgqgJIjKL.jpg,226504,depth,Safety TechSafety Tech50cm~ &GQEOSFTFZZ Blad35Codbb 1231cm
63401,https://m.media-amazon.com/images/I/51kgqgJIjKL.jpg,226504,width,Safety TechSafety Tech50cm~ &GQEOSFTFZZ Blad35Codbb 1231cm
63402,https://m.media-amazon.com/images/I/51kgvGxuiQL.jpg,365756,depth,8 INCHES1L20 - 36INCHES1 LITER CAPACITYLONG
63403,https://m.media-amazon.com/images/I/51kgvGxuiQL.jpg,365756,height,8 INCHES1L20 - 36INCHES1 LITER CAPACITYLONG
63404,https://m.media-amazon.com/images/I/51khWlFECfL.jpg,254046,item_weight,SUPERPOWERWATERGUNMore Shooting Range (27-36 Ft)
63405,https://m.media-amazon.com/images/I/51khZGioRxL.jpg,558832,depth,[[97cm/2.76in
63406,https://m.media-amazon.com/images/I/51khZGioRxL.jpg,558832,height,[[97cm/2.76in
63407,https://m.media-amazon.com/images/I/51khnuibfNL.jpg,501250,voltage,"5800 SERIESGARAGE & WORKSHOP FAN-FORCED PORTABLE HEATERFEATURESLONG CORD WITH MOLDED PLUG238 CFM GENERATINGAIR THROWTEMPERATURE RISE 63?MAXIMUM BTU 15,086PULLS 20/17.3-AMPS1-PHASEHEATS UP FROM 200-480 SQ.FT.DESIGNED FOR CEILING HEIGHTS 12 OR LESSAPPROVED FOR WALL, CEILING, ORFLOOR OPERATION240/4800HF5848TC208MAXVOLTSPHASEWATTS30 AMP PlugTPTNEMA #6-30Pt8 CoRPORATION"
63408,https://m.media-amazon.com/images/I/51khqvyVaZL.jpg,526954,width,"5.5""Tripod height(adjustable)46""116"""
63409,https://m.media-amazon.com/images/I/51khqvyVaZL.jpg,526954,height,"5.5""Tripod height(adjustable)46""116"""
63410,https://m.media-amazon.com/images/I/51khrEDk0fL.jpg,884560,item_weight,GanpbellNdenSEd Soup80NE WOU @:AStudeMexicanChicken _
63411,https://m.media-amazon.com/images/I/51khsOfbUYL.jpg,478357,width,08Ocm7cm1180cm-60cm_36cm8Ocm
63412,https://m.media-amazon.com/images/I/51ki+XPbxcL.jpg,681445,height,4Tin13 =4in3.8in3in
63413,https://m.media-amazon.com/images/I/51ki2TUeYOL.jpg,916768,height,10.5cm532cm
63414,https://m.media-amazon.com/images/I/51ki4VozDhL.jpg,311997,width,"WIDE SHELF FOREXTRASPACEMax Weight Capacity: 40 Ibs:40LBS1.5""12""6"
63415,https://m.media-amazon.com/images/I/51ki7wh0vxS.jpg,866516,depth,5.70 in/ 14.50 cm09.44 in/ 24.00 cm
63416,https://m.media-amazon.com/images/I/51ki7wh0vxS.jpg,866516,height,5.70 in/ 14.50 cm09.44 in/ 24.00 cm
63417,https://m.media-amazon.com/images/I/51ki7wh0vxS.jpg,866516,width,5.70 in/ 14.50 cm09.44 in/ 24.00 cm
63418,https://m.media-amazon.com/images/I/51kiDS+5jxL.jpg,120569,item_weight,"QanANMED""6Its all about /tbe animals ""MdTloPURERaayNacs n{EEPiDo os07dL-Methioninete0re6PowderConcentrated Feed SupplementNet Contents: 16 ounces ( 454Gm )61"
63419,https://m.media-amazon.com/images/I/51kiNrI50uL.jpg,664736,height,"DIMENSIONScm11.1""28.2 cm56.1cm13.1""33.0 cm11.3""98.7cm10""25.4 cm8.5""453""21.6 cm10.9 cm% &0 +98'16.2""41.122.1""19.7""'50.0 'cm _"
63420,https://m.media-amazon.com/images/I/51kicHLxAQL.jpg,348551,voltage,Lightweight &WEIGHT20 IbsEasy to InstallVOLTAGE120 voltssteelenamelburnercapenameled stainless-steel cooktopNON-STICK &aluminumbaseEASY TO CLEANburners
63421,https://m.media-amazon.com/images/I/51kicHLxAQL.jpg,348551,item_weight,Lightweight &WEIGHT20 IbsEasy to InstallVOLTAGE120 voltssteelenamelburnercapenameled stainless-steel cooktopNON-STICK &aluminumbaseEASY TO CLEANburners
63422,https://m.media-amazon.com/images/I/51kicHLxAQL.jpg,348551,wattage,Lightweight &WEIGHT20 IbsEasy to InstallVOLTAGE120 voltssteelenamelburnercapenameled stainless-steel cooktopNON-STICK &aluminumbaseEASY TO CLEANburners
63423,https://m.media-amazon.com/images/I/51kieM4HZzL.jpg,801829,height,"14.25""19.75""18.25""38.75""2.25""19""17.25"""
63424,https://m.media-amazon.com/images/I/51kig0vIvzL.jpg,362879,width,PRODUCT DIMENSIONS3.7CM (1.45IN)3.7CM (1.451N)8{S
63425,https://m.media-amazon.com/images/I/51kig0vIvzL.jpg,362879,depth,PRODUCT DIMENSIONS3.7CM (1.45IN)3.7CM (1.451N)8{S
63426,https://m.media-amazon.com/images/I/51kig0vIvzL.jpg,362879,height,PRODUCT DIMENSIONS3.7CM (1.45IN)3.7CM (1.451N)8{S
63427,https://m.media-amazon.com/images/I/51kih+fhvoL.jpg,333059,depth,29OCM
63428,https://m.media-amazon.com/images/I/51kih+fhvoL.jpg,333059,width,29OCM
63429,https://m.media-amazon.com/images/I/51kinrM705L.jpg,918474,depth,305 cmMARIMEX180 cm77 cm
63430,https://m.media-amazon.com/images/I/51kinrM705L.jpg,918474,width,305 cmMARIMEX180 cm77 cm
63431,https://m.media-amazon.com/images/I/51kiuGty9aL.jpg,149708,height,17cm36cm28cm
63432,https://m.media-amazon.com/images/I/51kiuGty9aL.jpg,149708,depth,17cm36cm28cm
63433,https://m.media-amazon.com/images/I/51kj2uwAKmS.jpg,598989,height,259in65cm30cm/11.81in98.43in250cmperimeter 100Ocm
63434,https://m.media-amazon.com/images/I/51kj5rRLoQL.jpg,501250,height,"40 cm22 cm83,2 cm"
63435,https://m.media-amazon.com/images/I/51kj6fC-67S.jpg,276688,height,"Packing List24""24""24"""
63436,https://m.media-amazon.com/images/I/51kjDahu4yL.jpg,866516,height,1.571.572.365.51Dimension:14x4x4 cm5.51*1.57x1.57 inchTail Length:6 cm2.36 inch
63437,https://m.media-amazon.com/images/I/51kjEOapsYL.jpg,983323,voltage,More_BROSUKESGLDC =120.26AOXZAZp ADDA9~ceADDADCcorp e@jpp
63438,https://m.media-amazon.com/images/I/51kjEOapsYL.jpg,983323,wattage,More_BROSUKESGLDC =120.26AOXZAZp ADDA9~ceADDADCcorp e@jpp
63439,https://m.media-amazon.com/images/I/51kjQTKfupL.jpg,478357,height,38cm3.2cm45cmMax20 KG
63440,https://m.media-amazon.com/images/I/51kjRHmUucL.jpg,965518,voltage,CAYKENDrILLING MachinePROFESSIONAL DRILLINGMOD_SCILargest drill;505mmVoltage:ToFrequency;ROHz](Power Input:5380No:   GHibonSpeed:npm(DBINDUSTRIAL DRILLING MACHINERY
63441,https://m.media-amazon.com/images/I/51kjVSqa-CL.jpg,494219,item_volume,Wonore1827RanceldovsthGraid MflarnierLIQUEUR -MADE WITH COGNAC AND ORANGE LIQUEURPARISWriect( Dl troduit} MaaminLADOMOlltCondonnouot
63442,https://m.media-amazon.com/images/I/51kjWKWUS6L.jpg,752266,depth,22cmH19cm
63443,https://m.media-amazon.com/images/I/51kjWrSKp8L.jpg,944936,width,Pocket Penguinlove you moreThe and lwin95E12 cm / 0.79in5.4cm /2.13 in
63444,https://m.media-amazon.com/images/I/51kjieP3chL.jpg,858439,height,"5/16"" diameter molded-inHexagonal Shaft.Polypropyleneplastic block:Corrosionresistantzinc/ nickel1"" softplating:nylonbristles:5"" diameter:"
63445,https://m.media-amazon.com/images/I/51kjieP3chL.jpg,858439,width,"5/16"" diameter molded-inHexagonal Shaft.Polypropyleneplastic block:Corrosionresistantzinc/ nickel1"" softplating:nylonbristles:5"" diameter:"
63446,https://m.media-amazon.com/images/I/51kjieP3chL.jpg,858439,depth,"5/16"" diameter molded-inHexagonal Shaft.Polypropyleneplastic block:Corrosionresistantzinc/ nickel1"" softplating:nylonbristles:5"" diameter:"
63447,https://m.media-amazon.com/images/I/51kjjh8i5-L.jpg,488883,maximum_weight_recommendation,"Product InformationHardware HandleFasyPick UpThickenedSpongeStrongLoad-BearingLFTIT330.7lbJol ""CollapsibleConvenientOrganize"
63448,https://m.media-amazon.com/images/I/51kjkmCxwVL.jpg,470067,width,((9/1622195-205mm1~421`
63449,https://m.media-amazon.com/images/I/51kjnWtNTXL.jpg,748919,item_weight,8 Packof CansRolandStrawMushroomsWHOLE PEELEDIEHt 6O2 NZogdr WT 8Q2 ZlgBringing Restaurant-QualityIngredients Into The Home KitchenMedWuL
63450,https://m.media-amazon.com/images/I/51kjrYrvHaL.jpg,529606,item_weight,SuokelessV5on3y Waxaus
63451,https://m.media-amazon.com/images/I/51kjupZJPQL.jpg,536334,height,6IN22 IN2IN3906HEAVYecorbeats
63452,https://m.media-amazon.com/images/I/51kjveWnatL.jpg,470067,width,aitchcyembehomes3MAKE IN INDIA1OcmOlioking
63453,https://m.media-amazon.com/images/I/51kjveWnatL.jpg,470067,depth,aitchcyembehomes3MAKE IN INDIA1OcmOlioking
63454,https://m.media-amazon.com/images/I/51kkHW3oMmL.jpg,453674,height,6L13.Scm28cm
